<?xml version="1.0" encoding="UTF-8"?>
<mxGraphModel dx="1451" dy="751" grid="1" gridSize="10" guides="1" tooltips="1" connect="1" arrows="1" fold="1" page="1" pageScale="1" pageWidth="850" pageHeight="1100" background="#ffffff" math="0" shadow="0"><root><mxCell id="0"/><mxCell id="1" parent="0"/><mxCell id="2" value="Name:&lt;div&gt;Date:&lt;/div&gt;&lt;div&gt;Purpose:&lt;/div&gt;" style="rounded=0;whiteSpace=wrap;html=1;" vertex="1" parent="1"><mxGeometry x="39" y="60" width="120" height="60" as="geometry"/></mxCell><mxCell id="3" value="System&amp;nbsp;&lt;div&gt;Libraries&amp;nbsp;&lt;/div&gt;&lt;div&gt;iostream&lt;/div&gt;" style="rounded=0;whiteSpace=wrap;html=1;" vertex="1" parent="1"><mxGeometry x="39" y="160" width="120" height="60" as="geometry"/></mxCell><mxCell id="4" value="User&amp;nbsp;&lt;div&gt;Libraries&lt;/div&gt;" style="rounded=0;whiteSpace=wrap;html=1;" vertex="1" parent="1"><mxGeometry x="39" y="260" width="120" height="60" as="geometry"/></mxCell><mxCell id="5" value="Global&lt;div&gt;Constants&lt;/div&gt;" style="rounded=0;whiteSpace=wrap;html=1;" vertex="1" parent="1"><mxGeometry x="39" y="360" width="120" height="60" as="geometry"/></mxCell><mxCell id="6" value="Function&lt;div&gt;Prototypes&lt;/div&gt;" style="rounded=0;whiteSpace=wrap;html=1;" vertex="1" parent="1"><mxGeometry x="39" y="460" width="120" height="60" as="geometry"/></mxCell><mxCell id="7" value="" style="endArrow=classic;html=1;entryX=0.5;entryY=0;" edge="1" parent="1" source="2" target="3"><mxGeometry width="50" height="50" relative="1" as="geometry"><mxPoint x="39" y="590" as="sourcePoint"/><mxPoint x="89" y="540" as="targetPoint"/><Array as="points"/></mxGeometry></mxCell><mxCell id="8" value="" style="endArrow=classic;html=1;exitX=0.5;exitY=1;" edge="1" parent="1" source="3"><mxGeometry width="50" height="50" relative="1" as="geometry"><mxPoint x="39" y="590" as="sourcePoint"/><mxPoint x="99" y="260" as="targetPoint"/><Array as="points"><mxPoint x="99" y="240"/></Array></mxGeometry></mxCell><mxCell id="9" value="" style="endArrow=classic;html=1;entryX=0.5;entryY=0;exitX=0.5;exitY=1;" edge="1" parent="1" source="4" target="5"><mxGeometry width="50" height="50" relative="1" as="geometry"><mxPoint x="39" y="590" as="sourcePoint"/><mxPoint x="89" y="540" as="targetPoint"/></mxGeometry></mxCell><mxCell id="10" value="" style="endArrow=classic;html=1;entryX=0.5;entryY=0;exitX=0.5;exitY=1;" edge="1" parent="1" source="5" target="6"><mxGeometry width="50" height="50" relative="1" as="geometry"><mxPoint x="39" y="590" as="sourcePoint"/><mxPoint x="89" y="540" as="targetPoint"/></mxGeometry></mxCell><mxCell id="11" value="A" style="ellipse;whiteSpace=wrap;html=1;aspect=fixed;" vertex="1" parent="1"><mxGeometry x="74" y="560" width="50" height="50" as="geometry"/></mxCell><mxCell id="12" value="" style="endArrow=classic;html=1;exitX=0.5;exitY=1;" edge="1" parent="1" source="6"><mxGeometry width="50" height="50" relative="1" as="geometry"><mxPoint x="39" y="680" as="sourcePoint"/><mxPoint x="99" y="560" as="targetPoint"/></mxGeometry></mxCell><mxCell id="13" value="A" style="ellipse;whiteSpace=wrap;html=1;aspect=fixed;" vertex="1" parent="1"><mxGeometry x="228" y="60" width="53" height="53" as="geometry"/></mxCell><mxCell id="14" value="Main&lt;div&gt;Dependent - If&lt;/div&gt;" style="ellipse;whiteSpace=wrap;html=1;" vertex="1" parent="1"><mxGeometry x="190" y="155" width="126" height="70" as="geometry"/></mxCell><mxCell id="15" value="" style="endArrow=classic;html=1;exitX=0.5;exitY=1;entryX=0.5;entryY=0;" edge="1" parent="1" source="13"><mxGeometry width="50" height="50" relative="1" as="geometry"><mxPoint x="39" y="680" as="sourcePoint"/><mxPoint x="254.66666666666674" y="155" as="targetPoint"/></mxGeometry></mxCell><mxCell id="16" value="Declare:&lt;div&gt;score,&amp;nbsp;&lt;/div&gt;&lt;div&gt;grade;&lt;/div&gt;" style="rounded=0;whiteSpace=wrap;html=1;fillColor=#ffffff;strokeColor=#000000;" vertex="1" parent="1"><mxGeometry x="193" y="260" width="120" height="60" as="geometry"/></mxCell><mxCell id="17" value="" style="endArrow=classic;html=1;entryX=0.5;entryY=0;exitX=0.5;exitY=1;" edge="1" parent="1" source="14"><mxGeometry width="50" height="50" relative="1" as="geometry"><mxPoint x="320" y="250" as="sourcePoint"/><mxPoint x="254.66666666666674" y="260.33333333333337" as="targetPoint"/></mxGeometry></mxCell><mxCell id="18" value="&lt;u&gt;Flowchart for Dependent - If&amp;nbsp;&lt;/u&gt;" style="text;html=1;resizable=0;points=[];autosize=1;align=left;verticalAlign=top;spacingTop=-4;fontSize=24;" vertex="1" parent="1"><mxGeometry x="240" y="10" width="320" height="30" as="geometry"/></mxCell><mxCell id="20" value="&lt;font style=&quot;font-size: 12px&quot;&gt;input:s&lt;/font&gt;&lt;span style=&quot;font-size: 12px&quot;&gt;core;&lt;/span&gt;" style="shape=parallelogram;perimeter=parallelogramPerimeter;whiteSpace=wrap;html=1;fontSize=24;" vertex="1" parent="1"><mxGeometry x="200" y="360" width="115" height="60" as="geometry"/></mxCell><mxCell id="21" value="&lt;font size=&quot;3&quot;&gt;score&amp;gt;0&lt;/font&gt;" style="rhombus;whiteSpace=wrap;html=1;fontSize=24;" vertex="1" parent="1"><mxGeometry x="208" y="460" width="93" height="90" as="geometry"/></mxCell><mxCell id="22" value="" style="endArrow=classic;html=1;fontSize=24;" edge="1" parent="1"><mxGeometry width="50" height="50" relative="1" as="geometry"><mxPoint x="256" y="320" as="sourcePoint"/><mxPoint x="256" y="360" as="targetPoint"/></mxGeometry></mxCell><mxCell id="24" value="&lt;font size=&quot;3&quot;&gt;grade = 'I'&lt;/font&gt;" style="rounded=0;whiteSpace=wrap;html=1;fontSize=24;" vertex="1" parent="1"><mxGeometry x="365" y="478" width="95" height="55" as="geometry"/></mxCell><mxCell id="26" value="" style="endArrow=classic;html=1;fontSize=24;exitX=0.5;exitY=1;entryX=0.5;entryY=0;" edge="1" parent="1" source="20" target="21"><mxGeometry width="50" height="50" relative="1" as="geometry"><mxPoint x="40" y="680" as="sourcePoint"/><mxPoint x="90" y="630" as="targetPoint"/></mxGeometry></mxCell><mxCell id="27" value="" style="endArrow=classic;html=1;fontSize=24;exitX=1;exitY=0.5;entryX=0;entryY=0.5;" edge="1" parent="1" source="21" target="24"><mxGeometry width="50" height="50" relative="1" as="geometry"><mxPoint x="40" y="680" as="sourcePoint"/><mxPoint x="90" y="630" as="targetPoint"/></mxGeometry></mxCell><mxCell id="28" value="&lt;font style=&quot;font-size: 18px&quot;&gt;True&lt;/font&gt;" style="text;html=1;resizable=0;points=[];autosize=1;align=left;verticalAlign=top;spacingTop=-4;fontSize=24;" vertex="1" parent="1"><mxGeometry x="313" y="475" width="50" height="30" as="geometry"/></mxCell><mxCell id="30" value="&lt;font style=&quot;font-size: 12px&quot;&gt;B&lt;/font&gt;" style="ellipse;whiteSpace=wrap;html=1;aspect=fixed;fontSize=24;" vertex="1" parent="1"><mxGeometry x="230" y="600" width="50" height="50" as="geometry"/></mxCell><mxCell id="31" value="" style="endArrow=classic;html=1;fontSize=24;exitX=0.5;exitY=1;entryX=0.5;entryY=0;" edge="1" parent="1" source="21" target="30"><mxGeometry width="50" height="50" relative="1" as="geometry"><mxPoint x="40" y="720" as="sourcePoint"/><mxPoint x="90" y="670" as="targetPoint"/></mxGeometry></mxCell><mxCell id="72" style="edgeStyle=orthogonalEdgeStyle;rounded=0;html=1;entryX=0.5;entryY=0;jettySize=auto;orthogonalLoop=1;fontSize=24;" edge="1" parent="1" source="32" target="56"><mxGeometry relative="1" as="geometry"/></mxCell><mxCell id="32" value="&lt;font style=&quot;font-size: 12px&quot;&gt;B&lt;/font&gt;" style="ellipse;whiteSpace=wrap;html=1;aspect=fixed;fontSize=24;" vertex="1" parent="1"><mxGeometry x="530" y="62" width="50" height="50" as="geometry"/></mxCell><mxCell id="34" value="&lt;font style=&quot;font-size: 12px&quot;&gt;grade = 'I';&lt;/font&gt;" style="rounded=0;whiteSpace=wrap;html=1;fontSize=24;" vertex="1" parent="1"><mxGeometry x="650" y="170" width="120" height="60" as="geometry"/></mxCell><mxCell id="36" value="&lt;font style=&quot;font-size: 14px&quot;&gt;True&lt;/font&gt;" style="text;html=1;resizable=0;points=[];autosize=1;align=left;verticalAlign=top;spacingTop=-4;fontSize=24;direction=south;" vertex="1" parent="1"><mxGeometry x="605" y="170" width="30" height="40" as="geometry"/></mxCell><mxCell id="43" style="edgeStyle=orthogonalEdgeStyle;rounded=0;html=1;entryX=0;entryY=0.5;jettySize=auto;orthogonalLoop=1;fontSize=24;" edge="1" parent="1" source="40" target="41"><mxGeometry relative="1" as="geometry"/></mxCell><mxCell id="50" style="edgeStyle=orthogonalEdgeStyle;rounded=0;html=1;jettySize=auto;orthogonalLoop=1;fontSize=24;" edge="1" parent="1" source="40" target="47"><mxGeometry relative="1" as="geometry"/></mxCell><mxCell id="40" value="&lt;font style=&quot;font-size: 12px&quot;&gt;score&amp;gt;90&lt;/font&gt;" style="rhombus;whiteSpace=wrap;html=1;fontSize=24;" vertex="1" parent="1"><mxGeometry x="515" y="280" width="80" height="80" as="geometry"/></mxCell><mxCell id="41" value="&lt;font style=&quot;font-size: 12px&quot;&gt;grade = 'A';&lt;/font&gt;" style="rounded=0;whiteSpace=wrap;html=1;fontSize=24;" vertex="1" parent="1"><mxGeometry x="650" y="290" width="120" height="60" as="geometry"/></mxCell><mxCell id="44" value="&lt;font style=&quot;font-size: 14px&quot;&gt;&amp;nbsp;True&lt;/font&gt;" style="text;html=1;resizable=0;points=[];autosize=1;align=left;verticalAlign=top;spacingTop=-4;fontSize=24;" vertex="1" parent="1"><mxGeometry x="600" y="290" width="50" height="30" as="geometry"/></mxCell><mxCell id="49" style="edgeStyle=orthogonalEdgeStyle;rounded=0;html=1;entryX=0;entryY=0.5;jettySize=auto;orthogonalLoop=1;fontSize=24;" edge="1" parent="1" source="47" target="48"><mxGeometry relative="1" as="geometry"/></mxCell><mxCell id="55" style="edgeStyle=orthogonalEdgeStyle;rounded=0;html=1;jettySize=auto;orthogonalLoop=1;fontSize=24;" edge="1" parent="1" source="47" target="52"><mxGeometry relative="1" as="geometry"/></mxCell><mxCell id="47" value="&lt;font style=&quot;font-size: 12px&quot;&gt;score&amp;gt;80&lt;/font&gt;" style="rhombus;whiteSpace=wrap;html=1;fontSize=24;" vertex="1" parent="1"><mxGeometry x="515" y="398" width="80" height="80" as="geometry"/></mxCell><mxCell id="48" value="&lt;font style=&quot;font-size: 12px&quot;&gt;grade='B';&lt;/font&gt;" style="rounded=0;whiteSpace=wrap;html=1;fontSize=24;" vertex="1" parent="1"><mxGeometry x="650" y="408" width="120" height="60" as="geometry"/></mxCell><mxCell id="51" value="&lt;font style=&quot;font-size: 14px&quot;&gt;&amp;nbsp;True&lt;/font&gt;" style="text;html=1;resizable=0;points=[];autosize=1;align=left;verticalAlign=top;spacingTop=-4;fontSize=24;" vertex="1" parent="1"><mxGeometry x="600" y="408" width="50" height="30" as="geometry"/></mxCell><mxCell id="54" style="edgeStyle=orthogonalEdgeStyle;rounded=0;html=1;entryX=0;entryY=0.5;jettySize=auto;orthogonalLoop=1;fontSize=24;" edge="1" parent="1" source="52" target="53"><mxGeometry relative="1" as="geometry"/></mxCell><mxCell id="66" style="edgeStyle=orthogonalEdgeStyle;rounded=0;html=1;jettySize=auto;orthogonalLoop=1;fontSize=24;" edge="1" parent="1" source="52" target="63"><mxGeometry relative="1" as="geometry"/></mxCell><mxCell id="52" value="&lt;font style=&quot;font-size: 12px&quot;&gt;score&amp;gt;70&lt;/font&gt;" style="rhombus;whiteSpace=wrap;html=1;fontSize=24;" vertex="1" parent="1"><mxGeometry x="515" y="520" width="80" height="80" as="geometry"/></mxCell><mxCell id="53" value="&lt;font style=&quot;font-size: 12px&quot;&gt;grade='C';&lt;/font&gt;" style="rounded=0;whiteSpace=wrap;html=1;fontSize=24;" vertex="1" parent="1"><mxGeometry x="650" y="530" width="120" height="60" as="geometry"/></mxCell><mxCell id="59" style="edgeStyle=orthogonalEdgeStyle;rounded=0;html=1;exitX=1;exitY=0.5;entryX=0;entryY=0.5;jettySize=auto;orthogonalLoop=1;fontSize=24;" edge="1" parent="1" source="56" target="34"><mxGeometry relative="1" as="geometry"/></mxCell><mxCell id="60" style="edgeStyle=orthogonalEdgeStyle;rounded=0;html=1;entryX=0.5;entryY=0;jettySize=auto;orthogonalLoop=1;fontSize=24;" edge="1" parent="1" source="56" target="40"><mxGeometry relative="1" as="geometry"/></mxCell><mxCell id="56" value="&lt;font style=&quot;font-size: 12px&quot;&gt;score&amp;gt;100&lt;/font&gt;" style="rhombus;whiteSpace=wrap;html=1;fontSize=24;" vertex="1" parent="1"><mxGeometry x="515" y="160" width="80" height="80" as="geometry"/></mxCell><mxCell id="57" style="edgeStyle=orthogonalEdgeStyle;rounded=0;html=1;exitX=0.5;exitY=1;entryX=0.5;entryY=1;jettySize=auto;orthogonalLoop=1;fontSize=24;" edge="1" parent="1" source="34" target="34"><mxGeometry relative="1" as="geometry"/></mxCell><mxCell id="58" style="edgeStyle=orthogonalEdgeStyle;rounded=0;html=1;exitX=1;exitY=0.5;entryX=1;entryY=0.5;jettySize=auto;orthogonalLoop=1;fontSize=24;" edge="1" parent="1" source="56" target="56"><mxGeometry relative="1" as="geometry"/></mxCell><mxCell id="61" value="&lt;font style=&quot;font-size: 14px&quot;&gt;&amp;nbsp;True&lt;/font&gt;" style="text;html=1;resizable=0;points=[];autosize=1;align=left;verticalAlign=top;spacingTop=-4;fontSize=24;" vertex="1" parent="1"><mxGeometry x="600" y="530" width="50" height="30" as="geometry"/></mxCell><mxCell id="62" style="edgeStyle=orthogonalEdgeStyle;rounded=0;html=1;entryX=0;entryY=0.5;jettySize=auto;orthogonalLoop=1;fontSize=24;" edge="1" source="63" target="64" parent="1"><mxGeometry relative="1" as="geometry"/></mxCell><mxCell id="63" value="&lt;font style=&quot;font-size: 12px&quot;&gt;score&amp;gt;60&lt;/font&gt;" style="rhombus;whiteSpace=wrap;html=1;fontSize=24;" vertex="1" parent="1"><mxGeometry x="515" y="640" width="80" height="80" as="geometry"/></mxCell><mxCell id="64" value="&lt;font style=&quot;font-size: 12px&quot;&gt;grade='D';&lt;/font&gt;" style="rounded=0;whiteSpace=wrap;html=1;fontSize=24;" vertex="1" parent="1"><mxGeometry x="650" y="650" width="120" height="60" as="geometry"/></mxCell><mxCell id="65" value="&lt;font style=&quot;font-size: 14px&quot;&gt;&amp;nbsp;True&lt;/font&gt;" style="text;html=1;resizable=0;points=[];autosize=1;align=left;verticalAlign=top;spacingTop=-4;fontSize=24;" vertex="1" parent="1"><mxGeometry x="600" y="650" width="50" height="30" as="geometry"/></mxCell><mxCell id="69" value="&lt;font style=&quot;font-size: 12px&quot;&gt;grade='F';&lt;/font&gt;" style="rounded=0;whiteSpace=wrap;html=1;fontSize=24;" vertex="1" parent="1"><mxGeometry x="495" y="760" width="120" height="60" as="geometry"/></mxCell><mxCell id="71" value="" style="endArrow=classic;html=1;fontSize=24;exitX=0.5;exitY=1;entryX=0.5;entryY=0;" edge="1" parent="1" source="63"><mxGeometry width="50" height="50" relative="1" as="geometry"><mxPoint x="40" y="910" as="sourcePoint"/><mxPoint x="555.6666666666667" y="760.3333333333333" as="targetPoint"/></mxGeometry></mxCell><mxCell id="74" value="" style="endArrow=none;html=1;fontSize=24;entryX=0.5;entryY=1;" edge="1" parent="1" target="34"><mxGeometry width="50" height="50" relative="1" as="geometry"><mxPoint x="560" y="260" as="sourcePoint"/><mxPoint x="90" y="840" as="targetPoint"/><Array as="points"><mxPoint x="710" y="260"/></Array></mxGeometry></mxCell><mxCell id="75" value="" style="endArrow=none;html=1;fontSize=24;entryX=0.5;entryY=1;" edge="1" parent="1" target="41"><mxGeometry width="50" height="50" relative="1" as="geometry"><mxPoint x="560" y="380" as="sourcePoint"/><mxPoint x="90" y="840" as="targetPoint"/><Array as="points"><mxPoint x="710" y="380"/></Array></mxGeometry></mxCell><mxCell id="76" value="" style="endArrow=none;html=1;fontSize=24;entryX=0.5;entryY=1;" edge="1" parent="1" target="48"><mxGeometry width="50" height="50" relative="1" as="geometry"><mxPoint x="560" y="500" as="sourcePoint"/><mxPoint x="90" y="840" as="targetPoint"/><Array as="points"><mxPoint x="710" y="500"/></Array></mxGeometry></mxCell><mxCell id="77" value="" style="endArrow=none;html=1;fontSize=24;entryX=0.5;entryY=1;" edge="1" parent="1" target="53"><mxGeometry width="50" height="50" relative="1" as="geometry"><mxPoint x="560" y="620" as="sourcePoint"/><mxPoint x="90" y="840" as="targetPoint"/><Array as="points"><mxPoint x="710" y="620"/></Array></mxGeometry></mxCell><mxCell id="78" value="" style="endArrow=none;html=1;fontSize=24;entryX=0.5;entryY=1;" edge="1" parent="1" target="64"><mxGeometry width="50" height="50" relative="1" as="geometry"><mxPoint x="560" y="740" as="sourcePoint"/><mxPoint x="90" y="840" as="targetPoint"/><Array as="points"><mxPoint x="710" y="740"/></Array></mxGeometry></mxCell><mxCell id="80" value="" style="endArrow=classic;html=1;fontSize=24;entryX=0.5;entryY=1;exitX=0.5;exitY=1;" edge="1" parent="1" source="69" target="82"><mxGeometry width="50" height="50" relative="1" as="geometry"><mxPoint x="630" y="870" as="sourcePoint"/><mxPoint x="378.14285714285734" y="830.4285714285716" as="targetPoint"/><Array as="points"><mxPoint x="555" y="880"/><mxPoint x="378" y="880"/></Array></mxGeometry></mxCell><mxCell id="88" style="edgeStyle=orthogonalEdgeStyle;rounded=0;html=1;jettySize=auto;orthogonalLoop=1;fontSize=24;" edge="1" parent="1" source="82" target="87"><mxGeometry relative="1" as="geometry"/></mxCell><mxCell id="82" value="&lt;p style=&quot;line-height: 0%&quot;&gt;&lt;font style=&quot;font-size: 12px&quot;&gt;output:&lt;/font&gt;&lt;/p&gt;&lt;div&gt;&lt;font style=&quot;font-size: 12px&quot;&gt;grade,&lt;/font&gt;&lt;/div&gt;&lt;div&gt;&lt;font style=&quot;font-size: 12px&quot;&gt;score;&lt;/font&gt;&lt;/div&gt;&lt;p&gt;&lt;/p&gt;" style="shape=parallelogram;perimeter=parallelogramPerimeter;whiteSpace=wrap;html=1;fontSize=24;" vertex="1" parent="1"><mxGeometry x="320" y="720" width="120" height="100" as="geometry"/></mxCell><mxCell id="87" value="&lt;font style=&quot;font-size: 14px&quot;&gt;return 0;&lt;/font&gt;" style="ellipse;whiteSpace=wrap;html=1;fontSize=24;" vertex="1" parent="1"><mxGeometry x="329" y="600" width="102" height="70" as="geometry"/></mxCell></root></mxGraphModel>
